time,robot_x,robot_y,robot_yaw,goal_x,goal_y,dist_error,linear_v,angular_w
1765482257.322223186,0.000000000,0.000000000,0.002300991,1.000000000,1.000000000,1.414213562,0.100000000,0.500000000
1765482257.372423887,0.000000000,0.000000000,0.002690403,1.000000000,1.000000000,1.414213562,0.100000000,0.500000000
1765482257.422291756,0.000000000,0.000000000,0.002690403,1.000000000,1.000000000,1.414213562,0.100000000,0.500000000
1765482257.472482920,0.001668111,0.000006349,0.006542053,1.000000000,1.000000000,1.413030029,0.100000000,0.500000000
1765482257.522292137,0.001668111,0.000006349,0.006542053,1.000000000,1.000000000,1.413030029,0.100000000,0.500000000
1765482257.572096109,0.004796518,0.000038635,0.017297519,1.000000000,1.000000000,1.410798604,0.100000000,0.500000000
1765482257.622776985,0.004796518,0.000038635,0.017297519,1.000000000,1.000000000,1.410798604,0.100000000,0.500000000
1765482257.672235727,0.009568179,0.000169183,0.041467449,1.000000000,1.000000000,1.407343900,0.100000000,0.500000000
1765482257.722868204,0.009568179,0.000169183,0.041467449,1.000000000,1.000000000,1.407343900,0.100000000,0.500000000
1765482257.772072792,0.014525784,0.000437680,0.070503117,1.000000000,1.000000000,1.403668145,0.100000000,0.500000000
1765482257.822308779,0.014525784,0.000437680,0.070503117,1.000000000,1.000000000,1.403668145,0.100000000,0.500000000
1765482257.872205734,0.019503544,0.000849630,0.099636755,1.000000000,1.000000000,1.399883839,0.100000000,0.500000000
1765482257.922276258,0.024471937,0.001405986,0.128681661,1.000000000,1.000000000,1.396010389,0.100000000,0.500000000
1765482257.972199678,0.024471937,0.001405986,0.128681661,1.000000000,1.000000000,1.396010389,0.100000000,0.500000000
1765482258.022853374,0.029421971,0.002114761,0.158357193,1.000000000,1.000000000,1.392047651,0.100000000,0.500000000
1765482258.072295189,0.029421971,0.002114761,0.158357193,1.000000000,1.000000000,1.392047651,0.100000000,0.500000000
1765482258.122639894,0.029421971,0.002114761,0.158357193,1.000000000,1.000000000,1.392047651,0.100000000,0.500000000
1765482258.172086477,0.034349340,0.002967502,0.187548922,1.000000000,1.000000000,1.388003962,0.100000000,0.500000000
1765482258.222270966,0.039250146,0.003961305,0.216508073,1.000000000,1.000000000,1.383883436,0.100000000,0.500000000
1765482258.271923304,0.039250146,0.003961305,0.216508073,1.000000000,1.000000000,1.383883436,0.100000000,0.500000000
1765482258.322430134,0.044120577,0.005094075,0.245290049,1.000000000,1.000000000,1.379689556,0.100000000,0.500000000
1765482258.372188330,0.044120577,0.005094075,0.245290049,1.000000000,1.000000000,1.379689556,0.100000000,0.500000000
1765482258.422245741,0.048953715,0.006380640,0.274806615,1.000000000,1.000000000,1.375415744,0.100000000,0.500000000
1765482258.472488880,0.053747833,0.007804630,0.304333807,1.000000000,1.000000000,1.371074329,0.100000000,0.500000000
1765482258.522468328,0.053747833,0.007804630,0.304333807,1.000000000,1.000000000,1.371074329,0.100000000,0.500000000
1765482258.572192192,0.058499167,0.009364287,0.333435755,1.000000000,1.000000000,1.366668553,0.100000000,0.500000000
1765482258.622403383,0.058499167,0.009364287,0.333435755,1.000000000,1.000000000,1.366668553,0.100000000,0.500000000
1765482258.672350645,0.063204262,0.011057619,0.362007314,1.000000000,1.000000000,1.362201633,0.100000000,0.500000000
1765482258.722277164,0.063204262,0.011057619,0.362007314,1.000000000,1.000000000,1.362201633,0.100000000,0.500000000
1765482258.772394419,0.067854066,0.012901676,0.391501546,1.000000000,1.000000000,1.357666802,0.100000000,0.500000000
1765482258.822483301,0.067854066,0.012901676,0.391501546,1.000000000,1.000000000,1.357666802,0.100000000,0.500000000
1765482258.872323513,0.072449380,0.014876207,0.420951702,1.000000000,1.000000000,1.353077617,0.100000000,0.500000000
1765482258.922152996,0.072449380,0.014876207,0.420951702,1.000000000,1.000000000,1.353077617,0.100000000,0.500000000
1765482258.972201109,0.076986610,0.016979318,0.450295451,1.000000000,1.000000000,1.348437384,0.100000000,0.500000000
1765482259.022276640,0.076986610,0.016979318,0.450295451,1.000000000,1.000000000,1.348437384,0.100000000,0.500000000
1765482259.073263645,0.081454809,0.019228847,0.480403744,1.000000000,1.000000000,1.343740050,0.100000000,0.500000000
1765482259.123121500,0.081454809,0.019228847,0.480403744,1.000000000,1.000000000,1.343740050,0.100000000,0.500000000
1765482259.172430038,0.085856824,0.021603588,0.509799398,1.000000000,1.000000000,1.338998613,0.100000000,0.500000000
1765482259.222320557,0.085856824,0.021603588,0.509799398,1.000000000,1.000000000,1.338998613,0.100000000,0.500000000
1765482259.272349596,0.090189660,0.024101104,0.538857657,1.000000000,1.000000000,1.334216440,0.100000000,0.500000000
1765482259.322320700,0.090189660,0.024101104,0.538857657,1.000000000,1.000000000,1.334216440,0.100000000,0.500000000
1765482259.372436047,0.094450111,0.026719236,0.567661303,1.000000000,1.000000000,1.329396873,0.100000000,0.500000000
1765482259.422408342,0.094450111,0.026719236,0.567661303,1.000000000,1.000000000,1.329396873,0.100000000,0.500000000
1765482259.472589016,0.098635002,0.029455956,0.596122120,1.000000000,1.000000000,1.324543167,0.100000000,0.500000000
1765482259.522695065,0.098635002,0.029455956,0.596122120,1.000000000,1.000000000,1.324543167,0.100000000,0.500000000
1765482259.572427511,0.102730843,0.032328103,0.625437667,1.000000000,1.000000000,1.319651787,0.100000000,0.500000000
1765482259.622212410,0.102730843,0.032328103,0.625437667,1.000000000,1.000000000,1.319651787,0.100000000,0.500000000
1765482259.672549963,0.106743808,0.035313712,0.654707043,1.000000000,1.000000000,1.314734292,0.100000000,0.500000000
1765482259.722564459,0.106743808,0.035313712,0.654707043,1.000000000,1.000000000,1.314734292,0.100000000,0.500000000
1765482259.772588730,0.110670782,0.038410449,0.683835705,1.000000000,1.000000000,1.309794229,0.100000000,0.500000000
1765482259.822185755,0.110670782,0.038410449,0.683835705,1.000000000,1.000000000,1.309794229,0.100000000,0.500000000
1765482259.872427940,0.114508738,0.041615908,0.712751585,1.000000000,1.000000000,1.304835179,0.100000000,0.500000000
1765482259.922787428,0.114508738,0.041615908,0.712751585,1.000000000,1.000000000,1.304835179,0.100000000,0.500000000
1765482259.972576141,0.118242109,0.044945891,0.742204842,1.000000000,1.000000000,1.299855888,0.100000000,0.500000000
1765482260.022552252,0.118242109,0.044945891,0.742204842,1.000000000,1.000000000,1.299855888,0.100000000,0.500000000
1765482260.072313547,0.121879824,0.048378888,0.771466263,1.000000000,1.000000000,1.294865933,0.100000000,0.500000000
1765482260.122133732,0.121879824,0.048378888,0.771466263,1.000000000,1.000000000,1.294865933,0.100000000,0.500000000
1765482260.172047377,0.125419153,0.051912352,0.800413380,1.000000000,1.000000000,1.289868926,0.100000000,0.500000000
1765482260.222325802,0.125419153,0.051912352,0.800413380,1.000000000,1.000000000,1.289868926,0.100000000,0.500000000
1765482260.272515297,0.128857542,0.055543312,0.829290444,1.000000000,1.000000000,1.284868717,0.100000000,0.500000000
1765482260.322140694,0.128857542,0.055543312,0.829290444,1.000000000,1.000000000,1.284868717,0.100000000,0.500000000
1765482260.372657776,0.132177647,0.059285625,0.858953400,1.000000000,1.000000000,1.279866856,0.100000000,0.500000000
1765482260.422312260,0.132177647,0.059285625,0.858953400,1.000000000,1.000000000,1.279866856,0.100000000,0.500000000
1765482260.472179174,0.135390578,0.063119195,0.888207930,1.000000000,1.000000000,1.274870619,0.100000000,0.500000000
1765482260.522513390,0.138494146,0.067040918,0.917291299,1.000000000,1.000000000,1.269883847,0.100000000,0.500000000
1765482260.572371960,0.138494146,0.067040918,0.917291299,1.000000000,1.000000000,1.269883847,0.100000000,0.500000000
1765482260.622351408,0.141485961,0.071047790,0.946135285,1.000000000,1.000000000,1.264910496,0.100000000,0.500000000
1765482260.672256708,0.141485961,0.071047790,0.946135285,1.000000000,1.000000000,1.264910496,0.100000000,0.500000000
1765482260.722255468,0.144347358,0.075151482,0.975809371,1.000000000,1.000000000,1.259954851,0.100000000,0.500000000
1765482260.772380352,0.144347358,0.075151482,0.975809371,1.000000000,1.000000000,1.259954851,0.100000000,0.500000000
1765482260.822425127,0.147091779,0.079333120,1.005269474,1.000000000,1.000000000,1.255021887,0.100000000,0.500000000
1765482260.872251034,0.147091779,0.079333120,1.005269474,1.000000000,1.000000000,1.255021887,0.100000000,0.500000000
1765482260.922416925,0.149717077,0.083589682,1.034290754,1.000000000,1.000000000,1.250115563,0.112786243,0.500000000
1765482260.972181082,0.149717077,0.083589682,1.034290754,1.000000000,1.000000000,1.250115563,0.112786243,0.500000000
1765482261.022304058,0.152384619,0.088191863,1.063173619,1.000000000,1.000000000,1.244928075,0.145762750,0.500000000
1765482261.072560072,0.155147539,0.093338880,1.092728013,1.000000000,1.000000000,1.239278043,0.180506186,0.500000000
1765482261.122518539,0.155147539,0.093338880,1.092728013,1.000000000,1.000000000,1.239278043,0.180506186,0.500000000
1765482261.172249317,0.158444273,0.099898700,1.123255671,1.000000000,1.000000000,1.232233092,0.216180289,0.473032852
1765482261.222268105,0.158444273,0.099898700,1.123255671,1.000000000,1.000000000,1.232233092,0.216180289,0.473032852
1765482261.272422314,0.162388834,0.108408023,1.154879254,1.000000000,1.000000000,1.223326906,0.253100749,0.411498751
1765482261.322230577,0.162388834,0.108408023,1.154879254,1.000000000,1.000000000,1.223326906,0.253100749,0.411498751
1765482261.372701168,0.166693454,0.118518398,1.185276307,1.000000000,1.000000000,1.213016741,0.289051121,0.351581466
1765482261.422705412,0.166693454,0.118518398,1.185276307,1.000000000,1.000000000,1.213016741,0.289051121,0.351581466
1765482261.472543240,0.171176356,0.130033221,1.213332550,1.000000000,1.000000000,1.201578474,0.323109542,0.294817430
1765482261.522296429,0.175893883,0.143140157,1.238026243,1.000000000,1.000000000,1.188848049,0.500000000,0.244287313
1765482261.572238684,0.175893883,0.143140157,1.238026243,1.000000000,1.000000000,1.188848049,0.500000000,0.244287313
1765482261.622400999,0.180986596,0.158352267,1.259416304,1.000000000,1.000000000,1.174373817,0.500000000,0.200480831
1765482261.672158480,0.180986596,0.158352267,1.259416304,1.000000000,1.000000000,1.174373817,0.500000000,0.200480831
1765482261.722463131,0.186523427,0.175983964,1.276371662,1.000000000,1.000000000,1.157906111,0.500000000,-0.062542273
1765482261.772236109,0.186523427,0.175983964,1.276371662,1.000000000,1.000000000,1.157906111,0.500000000,-0.062542273
1765482261.822844744,0.192479893,0.196092949,1.289724085,1.000000000,1.000000000,1.139453935,0.500000000,-0.106627538
1765482261.872389793,0.192479893,0.196092949,1.289724085,1.000000000,1.000000000,1.139453935,0.500000000,-0.106627538
1765482261.922178268,0.198895350,0.218669905,1.297793240,1.000000000,1.000000000,1.119037701,0.500000000,-0.145381729
1765482261.972560406,0.205584951,0.242495142,1.295805441,1.000000000,1.000000000,1.097683416,0.500000000,-0.162110857
1765482262.022418022,0.205584951,0.242495142,1.295805441,1.000000000,1.000000000,1.097683416,0.500000000,-0.162110857
1765482262.072507620,0.212449339,0.266494918,1.288687819,1.000000000,1.000000000,1.076227554,0.339181460,-0.268030899
1765482262.122481108,0.212449339,0.266494918,1.288687819,1.000000000,1.000000000,1.076227554,0.339181460,-0.268030899
1765482262.172073364,0.219331282,0.289745256,1.278444672,1.000000000,1.000000000,1.055417192,0.334636380,-0.275606034
1765482262.222481489,0.219331282,0.289745256,1.278444672,1.000000000,1.000000000,1.055417192,0.334636380,-0.275606034
1765482262.272016525,0.225948106,0.311115853,1.262894027,1.000000000,1.000000000,1.036203504,0.340374560,-0.266042400
1765482262.322476387,0.232184674,0.330086246,1.245185837,1.000000000,1.000000000,1.018982243,0.500000000,-0.243630212
1765482262.372174025,0.232184674,0.330086246,1.245185837,1.000000000,1.000000000,1.018982243,0.500000000,-0.243630212
1765482262.422146797,0.238282669,0.347544627,1.227699623,1.000000000,1.000000000,1.002951298,0.500000000,-0.215070006
1765482262.472280264,0.245029648,0.365677861,1.211263431,1.000000000,1.000000000,0.986075457,0.348743302,-0.252094497
1765482262.522117615,0.245029648,0.365677861,1.211263431,1.000000000,1.000000000,0.986075457,0.348743302,-0.252094497
1765482262.572446346,0.252303927,0.384405388,1.194752618,1.000000000,1.000000000,0.968507173,0.500000000,-0.233524485
1765482262.622429132,0.252303927,0.384405388,1.194752618,1.000000000,1.000000000,0.968507173,0.500000000,-0.233524485
1765482262.672144175,0.261501099,0.406978032,1.175540623,1.000000000,1.000000000,0.947130234,0.500000000,-0.209145991
1765482262.722279787,0.261501099,0.406978032,1.175540623,1.000000000,1.000000000,0.947130234,0.500000000,-0.209145991
1765482262.772379637,0.268442000,0.423203411,1.163056409,1.000000000,1.000000000,0.931596164,0.500000000,-0.192211277
1765482262.822218180,0.268442000,0.423203411,1.163056409,1.000000000,1.000000000,0.931596164,0.500000000,-0.192211277
1765482262.872525454,0.278111294,0.444969647,1.149081420,1.000000000,1.000000000,0.910594310,0.500000000,-0.223926545
1765482262.922304869,0.278111294,0.444969647,1.149081420,1.000000000,1.000000000,0.910594310,0.500000000,-0.223926545
1765482262.972356796,0.288467782,0.467527280,1.136352536,1.000000000,1.000000000,0.888709904,0.500000000,-0.218802149
1765482263.022228479,0.288467782,0.467527280,1.136352536,1.000000000,1.000000000,0.888709904,0.500000000,-0.218802149
1765482263.072546005,0.299159429,0.490100943,1.123674385,1.000000000,1.000000000,0.866703268,0.500000000,-0.212986168
1765482263.122564793,0.299159429,0.490100943,1.123674385,1.000000000,1.000000000,0.866703268,0.500000000,-0.212986168
1765482263.172292471,0.310142024,0.512560986,1.110524143,1.000000000,1.000000000,0.844689777,0.500000000,-0.204207802
1765482263.222159863,0.321444332,0.534868069,1.097534329,1.000000000,1.000000000,0.822669744,0.500000000,-0.234164075
1765482263.272325039,0.321444332,0.534868069,1.097534329,1.000000000,1.000000000,0.822669744,0.500000000,-0.234164075
1765482263.322322130,0.333015154,0.557036151,1.084445302,1.000000000,1.000000000,0.800678310,0.500000000,-0.229674364
1765482263.372915983,0.333015154,0.557036151,1.084445302,1.000000000,1.000000000,0.800678310,0.500000000,-0.229674364
1765482263.422449112,0.344863029,0.579056182,1.070873980,1.000000000,1.000000000,0.778715705,0.500000000,-0.222634663
1765482263.472290277,0.344863029,0.579056182,1.070873980,1.000000000,1.000000000,0.778715705,0.500000000,-0.222634663
1765482263.522458553,0.356997962,0.600918765,1.057551682,1.000000000,1.000000000,0.756780981,0.349565699,-0.250723835
1765482263.572476864,0.356997962,0.600918765,1.057551682,1.000000000,1.000000000,0.756780981,0.349565699,-0.250723835
1765482263.622278214,0.369128267,0.621924958,1.042972789,1.000000000,1.000000000,0.735486153,0.500000000,-0.242734403
1765482263.672150850,0.369128267,0.621924958,1.042972789,1.000000000,1.000000000,0.735486153,0.500000000,-0.242734403
1765482263.722328901,0.381068171,0.642016104,1.027216316,1.000000000,1.000000000,0.715002852,0.500000000,-0.228203679
1765482263.772234678,0.381068171,0.642016104,1.027216316,1.000000000,1.000000000,0.715002852,0.500000000,-0.228203679
1765482263.822625399,0.393696548,0.662503609,1.011167784,1.000000000,1.000000000,0.693907551,0.346597515,-0.255670809
1765482263.872529268,0.393696548,0.662503609,1.011167784,1.000000000,1.000000000,0.693907551,0.346597515,-0.255670809
1765482263.922837257,0.406826468,0.683021945,0.996598029,1.000000000,1.000000000,0.672554776,0.500000000,-0.248733609
1765482263.972766638,0.406826468,0.683021945,0.996598029,1.000000000,1.000000000,0.672554776,0.500000000,-0.248733609
1765482264.022486687,0.419952884,0.702887961,0.980363887,1.000000000,1.000000000,0.651713296,0.500000000,-0.233921909
1765482264.072904587,0.419952884,0.702887961,0.980363887,1.000000000,1.000000000,0.651713296,0.500000000,-0.233921909
1765482264.122198105,0.433686723,0.722945711,0.964061332,1.000000000,1.000000000,0.630452065,0.332860248,-0.278566254
1765482264.172599792,0.433686723,0.722945711,0.964061332,1.000000000,1.000000000,0.630452065,0.332860248,-0.278566254
1765482264.222115993,0.447910979,0.743072313,0.948851114,1.000000000,1.000000000,0.608945090,0.335758267,-0.273736221
1765482264.272453308,0.447910979,0.743072313,0.948851114,1.000000000,1.000000000,0.608945090,0.335758267,-0.273736221
1765482264.322427988,0.461670320,0.761842830,0.931782273,1.000000000,1.000000000,0.588657525,0.338299225,-0.258637163
1765482264.372323751,0.461670320,0.761842830,0.931782273,1.000000000,1.000000000,0.588657525,0.338299225,-0.258637163
1765482264.422476053,0.474347599,0.778519529,0.913715583,1.000000000,1.000000000,0.570406913,0.293153684,-0.319395515
1765482264.472559929,0.474347599,0.778519529,0.913715583,1.000000000,1.000000000,0.570406913,0.293153684,-0.319395515
1765482264.523086548,0.485786415,0.793026988,0.896527685,1.000000000,1.000000000,0.554304464,0.294455779,-0.302116649
1765482264.572192192,0.485786415,0.793026988,0.896527685,1.000000000,1.000000000,0.554304464,0.294455779,-0.302116649
1765482264.622562408,0.495982442,0.805474929,0.877337592,1.000000000,1.000000000,0.540253368,0.304107270,-0.270435834
1765482264.672378540,0.495982442,0.805474929,0.877337592,1.000000000,1.000000000,0.540253368,0.304107270,-0.270435834
1765482264.722382784,0.505840722,0.817026790,0.857686692,1.000000000,1.000000000,0.526946475,0.256386918,-0.346781225
1765482264.772305489,0.505840722,0.817026790,0.857686692,1.000000000,1.000000000,0.526946475,0.256386918,-0.346781225
1765482264.822237492,0.515785783,0.828202971,0.839535554,1.000000000,1.000000000,0.513787531,0.262589085,-0.322248363
1765482264.872237206,0.525243441,0.838469618,0.821059648,1.000000000,1.000000000,0.501483653,0.271814785,-0.291312106
1765482264.922183752,0.525243441,0.838469618,0.821059648,1.000000000,1.000000000,0.501483653,0.271814785,-0.291312106
1765482264.972168207,0.525243441,0.838469618,0.821059648,1.000000000,1.000000000,0.501483653,0.271814785,-0.291312106
1765482265.022429466,0.534590422,0.848210961,0.800358758,1.000000000,1.000000000,0.489536503,0.407947086,-0.247573911
1765482265.072523594,0.534590422,0.848210961,0.800358758,1.000000000,1.000000000,0.489536503,0.407947086,-0.247573911
1765482265.122525215,0.544348609,0.858019550,0.782396465,1.000000000,1.000000000,0.477259508,0.219053452,-0.374351484
1765482265.172185659,0.554998563,0.868322610,0.765254266,1.000000000,1.000000000,0.464074578,0.222202909,-0.354524711
1765482265.222203255,0.554998563,0.868322610,0.765254266,1.000000000,1.000000000,0.464074578,0.222202909,-0.354524711
1765482265.272406578,0.565384430,0.878032462,0.746758698,1.000000000,1.000000000,0.451405332,0.229007461,-0.326012209
1765482265.322174788,0.565384430,0.878032462,0.746758698,1.000000000,1.000000000,0.451405332,0.229007461,-0.326012209
1765482265.372216463,0.574665838,0.886330770,0.724205512,1.000000000,1.000000000,0.440261108,0.155889947,-0.479248122
1765482265.422184944,0.574665838,0.886330770,0.724205512,1.000000000,1.000000000,0.440261108,0.155889947,-0.479248122
1765482265.472158194,0.583111301,0.893552027,0.702707362,1.000000000,1.000000000,0.430264289,0.167064213,-0.445050557
1765482265.522658110,0.583111301,0.893552027,0.702707362,1.000000000,1.000000000,0.430264289,0.167064213,-0.445050557
1765482265.572389603,0.590500286,0.899535285,0.676583042,1.000000000,1.000000000,0.421643421,0.187837510,-0.387844324
1765482265.622484684,0.597539443,0.904832102,0.647011275,1.000000000,1.000000000,0.413559462,0.215819395,-0.311475138
1765482265.672499180,0.597539443,0.904832102,0.647011275,1.000000000,1.000000000,0.413559462,0.215819395,-0.311475138
1765482265.722414732,0.605497690,0.910610440,0.621581107,1.000000000,1.000000000,0.404502863,0.131166298,-0.500000000
1765482265.772784472,0.605497690,0.910610440,0.621581107,1.000000000,1.000000000,0.404502863,0.131166298,-0.500000000
1765482265.822214127,0.613833889,0.916391011,0.599771824,1.000000000,1.000000000,0.395113564,0.142310545,-0.473157024
1765482265.872189522,0.613833889,0.916391011,0.599771824,1.000000000,1.000000000,0.395113564,0.142310545,-0.473157024
1765482265.922351837,0.621020719,0.921101514,0.574306249,1.000000000,1.000000000,0.387104981,0.160981940,-0.417472139
1765482265.972223759,0.621020719,0.921101514,0.574306249,1.000000000,1.000000000,0.387104981,0.160981940,-0.417472139
1765482266.022644520,0.627744624,0.925230825,0.544647759,1.000000000,1.000000000,0.379689998,0.186800678,-0.341351245
1765482266.072984934,0.627744624,0.925230825,0.544647759,1.000000000,1.000000000,0.379689998,0.186800678,-0.341351245
1765482266.122230530,0.635136434,0.929509466,0.517721631,1.000000000,1.000000000,0.371610465,0.100000000,-0.500000000
1765482266.172276735,0.635136434,0.929509466,0.517721631,1.000000000,1.000000000,0.371610465,0.100000000,-0.500000000
1765482266.222139359,0.642698120,0.933646900,0.493990067,1.000000000,1.000000000,0.363410742,0.103764028,-0.500000000
1765482266.272557497,0.642698120,0.933646900,0.493990067,1.000000000,1.000000000,0.363410742,0.103764028,-0.500000000
1765482266.322178125,0.649050498,0.936884941,0.466488272,1.000000000,1.000000000,0.356579673,0.123920144,-0.485808914
1765482266.372235060,0.649050498,0.936884941,0.466488272,1.000000000,1.000000000,0.356579673,0.123920144,-0.485808914
1765482266.422336340,0.654485885,0.939390455,0.433860662,1.000000000,1.000000000,0.350789853,0.152254338,-0.399300430
1765482266.472602129,0.654485885,0.939390455,0.433860662,1.000000000,1.000000000,0.350789853,0.152254338,-0.399300430
1765482266.522454023,0.660238832,0.941858313,0.402856644,1.000000000,1.000000000,0.344700025,0.179176430,-0.313529397
1765482266.572496653,0.660238832,0.941858313,0.402856644,1.000000000,1.000000000,0.344700025,0.179176430,-0.313529397
1765482266.622360945,0.667048941,0.944624030,0.375154790,1.000000000,1.000000000,0.337524675,0.281270562,-0.235647236
1765482266.672321558,0.675181524,0.947671551,0.351086806,1.000000000,1.000000000,0.329006549,0.100000000,-0.500000000
1765482266.722279787,0.675181524,0.947671551,0.351086806,1.000000000,1.000000000,0.329006549,0.100000000,-0.500000000
1765482266.772346735,0.683755682,0.950690346,0.331764252,1.000000000,1.000000000,0.320065479,0.100000000,-0.500000000
1765482266.822152138,0.691089298,0.953095979,0.308827260,1.000000000,1.000000000,0.312451291,0.102893013,-0.500000000
1765482266.872314930,0.691089298,0.953095979,0.308827260,1.000000000,1.000000000,0.312451291,0.102893013,-0.500000000
1765482266.922152042,0.696839606,0.954796691,0.278059783,1.000000000,1.000000000,0.306511931,0.125749442,-0.423073798
1765482266.972132921,0.696839606,0.954796691,0.278059783,1.000000000,1.000000000,0.306511931,0.125749442,-0.423073798
1765482267.022171497,0.702452297,0.956243246,0.247119207,1.000000000,1.000000000,0.300747883,0.149687608,-0.335615422
1765482267.122185230,0.708465434,0.957626157,0.218517123,2.000000000,-0.500000000,1.947494685,0.100000000,-0.500000000
1765482267.172528267,0.714721280,0.958875921,0.193923072,2.000000000,-0.500000000,1.944289161,0.115104230,-0.500000000
1765482267.223891497,0.714721280,0.958875921,0.193923072,2.000000000,-0.500000000,1.944289161,0.115104230,-0.500000000
1765482267.272593975,0.720724776,0.959966559,0.172811787,2.000000000,-0.500000000,1.941145913,0.139405578,-0.500000000
1765482267.322351933,0.726722766,0.960896389,0.146125378,2.000000000,-0.500000000,1.937899165,0.175711280,-0.500000000
1765482267.372387171,0.726722766,0.960896389,0.146125378,2.000000000,-0.500000000,1.937899165,0.175711280,-0.500000000
1765482267.422477245,0.734015988,0.961841020,0.115790506,2.000000000,-0.500000000,1.933829022,0.218751394,-0.468747677
1765482267.472337961,0.734015988,0.961841020,0.115790506,2.000000000,-0.500000000,1.933829022,0.218751394,-0.468747677
1765482267.522553205,0.743192340,0.962750258,0.084203601,2.000000000,-0.500000000,1.928523739,0.264503406,-0.392494324
1765482267.572477102,0.743192340,0.962750258,0.084203601,2.000000000,-0.500000000,1.928523739,0.264503406,-0.392494324
1765482267.622151136,0.754380838,0.963516932,0.053326151,2.000000000,-0.500000000,1.921834776,0.100000000,-0.500000000
1765482267.672463655,0.754380838,0.963516932,0.053326151,2.000000000,-0.500000000,1.921834776,0.100000000,-0.500000000
1765482267.722373724,0.766269100,0.963934744,0.025118013,2.000000000,-0.500000000,1.914470389,0.100000000,-0.500000000
1765482267.772438765,0.766269100,0.963934744,0.025118013,2.000000000,-0.500000000,1.914470389,0.100000000,-0.500000000
1765482267.822898865,0.776763824,0.963978221,-0.004925218,2.000000000,-0.500000000,1.907757577,0.100000000,-0.500000000
1765482267.872181654,0.784927529,0.963729542,-0.038077656,2.000000000,-0.500000000,1.902342052,0.138393568,-0.500000000
1765482267.922520638,0.784927529,0.963729542,-0.038077656,2.000000000,-0.500000000,1.902342052,0.138393568,-0.500000000
1765482267.972245455,0.791970556,0.963298654,-0.071644331,2.000000000,-0.500000000,1.897518930,0.187211941,-0.500000000
1765482268.022390366,0.791970556,0.963298654,-0.071644331,2.000000000,-0.500000000,1.897518930,0.187211941,-0.500000000
1765482268.072395086,0.799646416,0.962575584,-0.103906864,2.000000000,-0.500000000,1.892082468,0.235937519,-0.440104135
1765482268.122393131,0.799646416,0.962575584,-0.103906864,2.000000000,-0.500000000,1.892082468,0.235937519,-0.440104135
1765482268.172581196,0.808874496,0.961446044,-0.135868538,2.000000000,-0.500000000,1.885365881,0.100000000,-0.500000000
1765482268.222619057,0.808874496,0.961446044,-0.135868538,2.000000000,-0.500000000,1.885365881,0.100000000,-0.500000000
1765482268.272264242,0.819424134,0.959822188,-0.166676971,2.000000000,-0.500000000,1.877455777,0.100000000,-0.500000000
1765482268.322427750,0.829194932,0.957988434,-0.196664362,2.000000000,-0.500000000,1.869896997,0.111101437,-0.500000000
1765482268.372766256,0.829194932,0.957988434,-0.196664362,2.000000000,-0.500000000,1.869896997,0.111101437,-0.500000000
1765482268.422362804,0.836724361,0.956263135,-0.229815756,2.000000000,-0.500000000,1.863843484,0.153282243,-0.500000000
1765482268.472606421,0.836724361,0.956263135,-0.229815756,2.000000000,-0.500000000,1.863843484,0.153282243,-0.500000000
1765482268.522617817,0.843168375,0.954583581,-0.262855832,2.000000000,-0.500000000,1.858513600,0.200411517,-0.499314138
1765482268.572260618,0.850266926,0.952526697,-0.295175427,2.000000000,-0.500000000,1.852490202,0.247973267,-0.420044554
1765482268.622123003,0.850266926,0.952526697,-0.295175427,2.000000000,-0.500000000,1.852490202,0.247973267,-0.420044554
1765482268.672468662,0.859132438,0.949685759,-0.327085146,2.000000000,-0.500000000,1.844767626,0.295458100,-0.340903167
1765482268.722891092,0.859132438,0.949685759,-0.327085146,2.000000000,-0.500000000,1.844767626,0.295458100,-0.340903167
1765482268.772661209,0.870165381,0.945709824,-0.356716207,2.000000000,-0.500000000,1.834830554,0.147211789,-0.500000000
1765482268.822585344,0.870165381,0.945709824,-0.356716207,2.000000000,-0.500000000,1.834830554,0.147211789,-0.500000000
1765482268.872573137,0.882464992,0.940925264,-0.381987328,2.000000000,-0.500000000,1.823499413,0.163459083,-0.500000000
1765482268.922453165,0.893831768,0.936130394,-0.409117374,2.000000000,-0.500000000,1.812754442,0.186529228,-0.500000000
1765482268.972573042,0.893831768,0.936130394,-0.409117374,2.000000000,-0.500000000,1.812754442,0.186529228,-0.500000000
1765482269.022444725,0.903310998,0.931785284,-0.441051298,2.000000000,-0.500000000,1.803534271,0.224150289,-0.459749518
1765482269.072877884,0.903310998,0.931785284,-0.441051298,2.000000000,-0.500000000,1.803534271,0.224150289,-0.459749518
1765482269.122286558,0.914386384,0.926214585,-0.479391436,2.000000000,-0.500000000,1.792385273,0.274623762,-0.375627064
1765482269.172162771,0.914386384,0.926214585,-0.479391436,2.000000000,-0.500000000,1.792385273,0.274623762,-0.375627064
1765482269.222217560,0.922591032,0.921815459,-0.503109209,2.000000000,-0.500000000,1.783919641,0.306649698,-0.322250504
1765482269.272260427,0.922591032,0.921815459,-0.503109209,2.000000000,-0.500000000,1.783919641,0.306649698,-0.322250504
1765482269.322527647,0.934203219,0.915224759,-0.529581195,2.000000000,-0.500000000,1.771661338,0.342635101,-0.262274832
1765482269.372447729,0.934203219,0.915224759,-0.529581195,2.000000000,-0.500000000,1.771661338,0.342635101,-0.262274832
1765482269.422566652,0.947336024,0.907338952,-0.552133834,2.000000000,-0.500000000,1.757471016,0.214613436,-0.475644273
1765482269.472254992,0.961137893,0.898605065,-0.570621947,2.000000000,-0.500000000,1.742220022,0.219738327,-0.467102788
1765482269.522671461,0.961137893,0.898605065,-0.570621947,2.000000000,-0.500000000,1.742220022,0.219738327,-0.467102788
1765482269.572813272,0.973916678,0.890125979,-0.590924237,2.000000000,-0.500000000,1.727801268,0.230536911,-0.449105149
1765482269.623045206,0.973916678,0.890125979,-0.590924237,2.000000000,-0.500000000,1.727801268,0.230536911,-0.449105149
1765482269.672502518,0.984611073,0.882607176,-0.619840440,2.000000000,-0.500000000,1.715405863,0.262197314,-0.396337810
1765482269.722614050,0.984611073,0.882607176,-0.619840440,2.000000000,-0.500000000,1.715405863,0.262197314,-0.396337810
1765482269.772326469,0.994498519,0.875264387,-0.649121466,2.000000000,-0.500000000,1.703638859,0.299364748,-0.334392087
1765482269.822291136,1.004743401,0.867180489,-0.676164331,2.000000000,-0.500000000,1.691070131,0.336022147,-0.273296422
1765482269.872427464,1.004743401,0.867180489,-0.676164331,2.000000000,-0.500000000,1.691070131,0.336022147,-0.273296422
1765482269.922590971,1.016152035,0.857774865,-0.699447841,2.000000000,-0.500000000,1.676755618,0.262655856,-0.395573574
1765482269.972495794,1.016152035,0.857774865,-0.699447841,2.000000000,-0.500000000,1.676755618,0.262655856,-0.395573574
1765482270.022792339,1.027884039,0.847638231,-0.719168753,2.000000000,-0.500000000,1.661667308,0.274825730,-0.375290450
1765482270.072451591,1.027884039,0.847638231,-0.719168753,2.000000000,-0.500000000,1.661667308,0.274825730,-0.375290450
1765482270.122451305,1.038686264,0.837879461,-0.742418672,2.000000000,-0.500000000,1.647436054,0.295681528,-0.340530787
1765482270.172505856,1.038686264,0.837879461,-0.742418672,2.000000000,-0.500000000,1.647436054,0.295681528,-0.340530787
1765482270.222333193,1.048927741,0.828140960,-0.766249147,2.000000000,-0.500000000,1.633553443,0.320856308,-0.298572821
1765482270.272429943,1.048927741,0.828140960,-0.766249147,2.000000000,-0.500000000,1.633553443,0.320856308,-0.298572821
1765482270.322713614,1.061749867,0.815336780,-0.792947455,2.000000000,-0.500000000,1.615680710,0.500000000,-0.248624727
1765482270.372826576,1.061749867,0.815336780,-0.792947455,2.000000000,-0.500000000,1.615680710,0.500000000,-0.248624727
1765482270.422302961,1.070919191,0.805853259,-0.808719460,2.000000000,-0.500000000,1.602636541,0.500000000,-0.218908012
1765482270.472609282,1.070919191,0.805853259,-0.808719460,2.000000000,-0.500000000,1.602636541,0.500000000,-0.218908012
1765482270.523370266,1.083362764,0.792591667,-0.826010593,2.000000000,-0.500000000,1.584618894,0.319634872,-0.300608546
1765482270.572429895,1.083362764,0.792591667,-0.826010593,2.000000000,-0.500000000,1.584618894,0.319634872,-0.300608546
1765482270.622703552,1.096841270,0.777693318,-0.841833637,2.000000000,-0.500000000,1.564671181,0.325702817,-0.290495305
1765482270.672302246,1.096841270,0.777693318,-0.841833637,2.000000000,-0.500000000,1.564671181,0.325702817,-0.290495305
1765482270.722277403,1.109745388,0.762873996,-0.858573407,2.000000000,-0.500000000,1.545122650,0.334995411,-0.275007648
1765482270.772421122,1.121196116,0.749211034,-0.877980655,2.000000000,-0.500000000,1.527358659,0.500000000,-0.246053151
1765482270.822349072,1.121196116,0.749211034,-0.877980655,2.000000000,-0.500000000,1.527358659,0.500000000,-0.246053151
1765482270.872361660,1.132337520,0.735487822,-0.895467112,2.000000000,-0.500000000,1.509724590,0.500000000,-0.218427655
1765482270.922923088,1.132337520,0.735487822,-0.895467112,2.000000000,-0.500000000,1.509724590,0.500000000,-0.218427655
1765482270.972296238,1.144320040,0.720203857,-0.911815382,2.000000000,-0.500000000,1.490330717,0.500000000,-0.191899884
1765482271.022426367,1.144320040,0.720203857,-0.911815382,2.000000000,-0.500000000,1.490330717,0.500000000,-0.191899884
1765482271.072391987,1.157519204,0.702852272,-0.926736481,2.000000000,-0.500000000,1.468546042,0.500000000,-0.235846326
1765482271.122452974,1.171723585,0.683623901,-0.940759992,2.000000000,-0.500000000,1.444647832,0.500000000,-0.228164869
1765482271.172457218,1.171723585,0.683623901,-0.940759992,2.000000000,-0.500000000,1.444647832,0.500000000,-0.228164869
1765482271.222233534,1.186195224,0.663441006,-0.954577865,2.000000000,-0.500000000,1.419814491,0.500000000,-0.220610733
1765482271.272161484,1.186195224,0.663441006,-0.954577865,2.000000000,-0.500000000,1.419814491,0.500000000,-0.220610733
1765482271.322775126,1.200445499,0.642921390,-0.968305886,2.000000000,-0.500000000,1.394832141,0.500000000,-0.211424325
1765482271.372358561,1.200445499,0.642921390,-0.968305886,2.000000000,-0.500000000,1.394832141,0.500000000,-0.211424325
1765482271.422397852,1.214440713,0.622201073,-0.981496774,2.000000000,-0.500000000,1.369831611,0.500000000,-0.211895133
1765482271.472382307,1.214440713,0.622201073,-0.981496774,2.000000000,-0.500000000,1.369831611,0.500000000,-0.211895133
1765482271.522612810,1.228145264,0.601281502,-0.994630749,2.000000000,-0.500000000,1.344834815,0.500000000,-0.204679982
1765482271.572358131,1.228145264,0.601281502,-0.994630749,2.000000000,-0.500000000,1.344834815,0.500000000,-0.204679982
1765482271.622404337,1.241593663,0.580197490,-1.007394211,2.000000000,-0.500000000,1.319851048,0.500000000,-0.197084680
1765482271.672296286,1.254789689,0.558955791,-1.019584792,2.000000000,-0.500000000,1.294884463,0.500000000,-0.189590220
1765482271.723759174,1.254789689,0.558955791,-1.019584792,2.000000000,-0.500000000,1.294884463,0.500000000,-0.189590220
1765482271.772571564,1.267740620,0.537564915,-1.031396263,2.000000000,-0.500000000,1.269938877,0.500000000,-0.181589020
1765482271.822623491,1.267740620,0.537564915,-1.031396263,2.000000000,-0.500000000,1.269938877,0.500000000,-0.181589020
1765482271.873170614,1.280455526,0.516034048,-1.042647402,2.000000000,-0.500000000,1.245017846,0.500000000,-0.154084216
1765482271.923002958,1.280455526,0.516034048,-1.042647402,2.000000000,-0.500000000,1.245017846,0.500000000,-0.154084216
1765482271.972486734,1.292910246,0.494350035,-1.053518235,2.000000000,-0.500000000,1.220126187,0.500000000,-0.145093790
1765482272.023025751,1.292910246,0.494350035,-1.053518235,2.000000000,-0.500000000,1.220126187,0.500000000,-0.145093790
1765482272.072788477,1.305159778,0.472550936,-1.063003853,2.000000000,-0.500000000,1.195264932,0.500000000,-0.138350920
1765482272.122196436,1.317220950,0.450647975,-1.071617911,2.000000000,-0.500000000,1.170435305,0.500000000,-0.132877081
1765482272.172239542,1.317220950,0.450647975,-1.071617911,2.000000000,-0.500000000,1.170435305,0.500000000,-0.132877081
1765482272.222853422,1.329104893,0.428649154,-1.080027247,2.000000000,-0.500000000,1.145639339,0.500000000,-0.094187313
1765482272.272576809,1.340817820,0.406559323,-1.087699310,2.000000000,-0.500000000,1.120879544,0.500000000,-0.086329976
1765482272.322623014,1.340817820,0.406559323,-1.087699310,2.000000000,-0.500000000,1.120879544,0.500000000,-0.086329976
1765482272.372827053,1.352345806,0.384371001,-1.094477458,2.000000000,-0.500000000,1.096160583,0.500000000,-0.079133771
1765482272.422377586,1.363751162,0.362120293,-1.099804328,2.000000000,-0.500000000,1.071477477,0.500000000,-0.074882397
1765482272.472298145,1.363751162,0.362120293,-1.099804328,2.000000000,-0.500000000,1.071477477,0.500000000,-0.074882397
1765482272.522358418,1.375048579,0.339814932,-1.104486813,2.000000000,-0.500000000,1.046830167,0.500000000,-0.071770409
1765482272.572521925,1.375048579,0.339814932,-1.104486813,2.000000000,-0.500000000,1.046830167,0.500000000,-0.071770409
1765482272.622674942,1.386247049,0.317459802,-1.108678642,2.000000000,-0.500000000,1.022219748,0.500000000,-0.029809853
1765482272.672290802,1.386247049,0.317459802,-1.108678642,2.000000000,-0.500000000,1.022219748,0.500000000,-0.029809853
1765482272.722790480,1.399545864,0.290562005,-1.113004658,2.000000000,-0.500000000,0.992740376,0.500000000,-0.022333217
1765482272.773063898,1.399545864,0.290562005,-1.113004658,2.000000000,-0.500000000,0.992740376,0.500000000,-0.022333217
1765482272.822544098,1.408351969,0.272602997,-1.115015791,2.000000000,-0.500000000,0.973120128,0.500000000,-0.018817273
1765482272.872469187,1.408351969,0.272602997,-1.115015791,2.000000000,-0.500000000,0.973120128,0.500000000,-0.018817273
1765482272.922473669,1.419314971,0.250130901,-1.117093542,2.000000000,-0.500000000,0.948626097,0.500000000,-0.014875961
1765482272.972537041,1.419314971,0.250130901,-1.117093542,2.000000000,-0.500000000,0.948626097,0.500000000,-0.014875961
1765482273.022511959,1.430237191,0.227639112,-1.118787540,2.000000000,-0.500000000,0.924168997,0.500000000,0.027183850
1765482273.072349548,1.441119079,0.205127684,-1.120013342,2.000000000,-0.500000000,0.899751596,0.500000000,0.034585346
1765482273.122496367,1.441119079,0.205127684,-1.120013342,2.000000000,-0.500000000,0.899751596,0.500000000,0.034585346
1765482273.172820807,1.451990319,0.182611413,-1.120035731,2.000000000,-0.500000000,0.875370180,0.500000000,0.040028863
1765482273.222540140,1.451990319,0.182611413,-1.120035731,2.000000000,-0.500000000,0.875370180,0.500000000,0.040028863
1765482273.272535801,1.462897123,0.160112756,-1.118171891,2.000000000,-0.500000000,0.851016070,0.500000000,0.040546902
1765482273.322393656,1.473853129,0.137638112,-1.115880876,2.000000000,-0.500000000,0.826687905,0.500000000,0.078840292
1765482273.372432709,1.473853129,0.137638112,-1.115880876,2.000000000,-0.500000000,0.826687905,0.500000000,0.078840292
1765482273.422691107,1.484871869,0.115194203,-1.112826929,2.000000000,-0.500000000,0.802384509,0.500000000,0.081331049
1765482273.473207712,1.484871869,0.115194203,-1.112826929,2.000000000,-0.500000000,0.802384509,0.500000000,0.081331049
1765482273.522548199,1.495967913,0.092788391,-1.108257738,2.000000000,-0.500000000,0.778104377,0.500000000,0.079914755
1765482273.572263479,1.507164248,0.070432553,-1.103647353,2.000000000,-0.500000000,0.753843735,0.500000000,0.078054114
1765482273.622561455,1.507164248,0.070432553,-1.103647353,2.000000000,-0.500000000,0.753843735,0.500000000,0.078054114
1765482273.672319889,1.518460813,0.048127260,-1.098816045,2.000000000,-0.500000000,0.729605017,0.500000000,0.122844025
1765482273.722779274,1.532170652,0.021438004,-1.092662115,2.000000000,-0.500000000,0.700543996,0.500000000,0.126502659
1765482273.772485971,1.532170652,0.021438004,-1.092662115,2.000000000,-0.500000000,0.700543996,0.500000000,0.126502659
1765482273.822978973,1.541428559,0.003708319,-1.087043184,2.000000000,-0.500000000,0.681182676,0.500000000,0.124755767
1765482273.872442961,1.541428559,0.003708319,-1.087043184,2.000000000,-0.500000000,0.681182676,0.500000000,0.124755767
1765482273.922804832,1.553111378,-0.018396883,-1.079880238,2.000000000,-0.500000000,0.657001524,0.500000000,0.121979696
1765482273.972256422,1.564949766,-0.040419072,-1.072847297,2.000000000,-0.500000000,0.632837527,0.500000000,0.180758546
1765482274.022428989,1.564949766,-0.040419072,-1.072847297,2.000000000,-0.500000000,0.632837527,0.500000000,0.180758546
1765482274.072521687,1.579394340,-0.066718107,-1.063191025,2.000000000,-0.500000000,0.603856208,0.500000000,0.184489414
1765482274.122390985,1.589168877,-0.084167812,-1.054999534,2.000000000,-0.500000000,0.584549929,0.487124941,0.182121675
1765482274.172415495,1.589168877,-0.084167812,-1.054999534,2.000000000,-0.500000000,0.584549929,0.487124941,0.182121675
1765482274.222547770,1.601422208,-0.105589141,-1.044502365,2.000000000,-0.500000000,0.560735394,0.326288354,0.251439703
1765482274.272313118,1.601422208,-0.105589141,-1.044502365,2.000000000,-0.500000000,0.560735394,0.326288354,0.251439703
1765482274.322404623,1.615986159,-0.130219694,-1.029715356,2.000000000,-0.500000000,0.533107967,0.310878485,0.250189760
1765482274.372350931,1.625028600,-0.145173959,-1.017393351,2.000000000,-0.500000000,0.516241290,0.430201075,0.239697889
1765482274.422636509,1.625028600,-0.145173959,-1.017393351,2.000000000,-0.500000000,0.516241290,0.430201075,0.239697889
1765482274.472444057,1.636377815,-0.163221042,-1.001264827,2.000000000,-0.500000000,0.495621993,0.413018327,0.220103069
1765482274.522472858,1.647822833,-0.180824489,-0.986148417,2.000000000,-0.500000000,0.475291241,0.246993686,0.313665254
1765482274.572517633,1.647822833,-0.180824489,-0.986148417,2.000000000,-0.500000000,0.475291241,0.246993686,0.313665254
1765482274.622507811,1.658926853,-0.197397783,-0.972002470,2.000000000,-0.500000000,0.455959421,0.239076498,0.308996107
1765482274.673165560,1.669235640,-0.212174319,-0.952714555,2.000000000,-0.500000000,0.438461726,0.241308807,0.282980150
1765482274.722370625,1.669235640,-0.212174319,-0.952714555,2.000000000,-0.500000000,0.438461726,0.241308807,0.282980150
1765482274.772393703,1.678478382,-0.224754375,-0.932448335,2.000000000,-0.500000000,0.423244970,0.352704142,0.243978666
1765482274.823144436,1.678478382,-0.224754375,-0.932448335,2.000000000,-0.500000000,0.423244970,0.352704142,0.243978666
1765482274.872932911,1.687343059,-0.236401467,-0.913720723,2.000000000,-0.500000000,0.408948101,0.189798222,0.369220108
1765482274.922382116,1.687343059,-0.236401467,-0.913720723,2.000000000,-0.500000000,0.408948101,0.189798222,0.369220108
1765482274.972602129,1.696243923,-0.247719295,-0.896694795,2.000000000,-0.500000000,0.394858593,0.190822748,0.350064763
1765482275.022416115,1.704444216,-0.257714025,-0.874133781,2.000000000,-0.500000000,0.382172363,0.200768332,0.307998822
1765482275.072946787,1.704444216,-0.257714025,-0.874133781,2.000000000,-0.500000000,0.382172363,0.200768332,0.307998822
1765482275.122525692,1.711651486,-0.266075902,-0.850973541,2.000000000,-0.500000000,0.371302235,0.214658039,0.255211203
1765482275.172395706,1.711651486,-0.266075902,-0.850973541,2.000000000,-0.500000000,0.371302235,0.214658039,0.255211203
1765482275.222375154,1.718720009,-0.273912449,-0.831268031,2.000000000,-0.500000000,0.360879501,0.300732918,0.207185846
1765482275.272562742,1.726201950,-0.281926416,-0.814717352,2.000000000,-0.500000000,0.350030656,0.150041376,0.404681234
1765482275.323063850,1.726201950,-0.281926416,-0.814717352,2.000000000,-0.500000000,0.350030656,0.150041376,0.404681234
1765482275.372523308,1.733802105,-0.289799910,-0.798927844,2.000000000,-0.500000000,0.339183426,0.152486323,0.383764423
1765482275.422461748,1.733802105,-0.289799910,-0.798927844,2.000000000,-0.500000000,0.339183426,0.152486323,0.383764423
1765482275.473030806,1.740500609,-0.296533229,-0.778478182,2.000000000,-0.500000000,0.329755456,0.161516073,0.343527721
1765482275.522470236,1.746551857,-0.302298624,-0.754088802,2.000000000,-0.500000000,0.321437078,0.176358913,0.284675680
1765482275.572216988,1.752846412,-0.308017930,-0.731777787,2.000000000,-0.500000000,0.312956884,0.260797403,0.227829592
1765482275.622370243,1.752846412,-0.308017930,-0.731777787,2.000000000,-0.500000000,0.312956884,0.260797403,0.227829592
1765482275.672591686,1.760056999,-0.314271156,-0.712590956,2.000000000,-0.500000000,0.303426840,0.252855700,0.177459949
1765482275.772496462,1.778327049,-0.329444548,-0.683395981,3.000000000,1.500000000,2.199852757,0.224988260,0.458352900
1765482275.823327303,1.778327049,-0.329444548,-0.683395981,3.000000000,1.500000000,2.199852757,0.224988260,0.458352900
1765482275.872315884,1.787459590,-0.336775824,-0.674496372,3.000000000,1.500000000,2.200908829,0.221680519,0.463865802
1765482275.922605991,1.796273130,-0.343750140,-0.666498550,3.000000000,1.500000000,2.201902122,0.216989751,0.471683748
1765482275.972216606,1.796273130,-0.343750140,-0.666498550,3.000000000,1.500000000,2.201902122,0.216989751,0.471683748
1765482276.023004770,1.804975568,-0.350463802,-0.649299919,3.000000000,1.500000000,2.202793607,0.100000000,0.500000000
1765482276.072627783,1.813553428,-0.356733482,-0.622883429,3.000000000,1.500000000,2.203432479,0.100000000,0.500000000
1765482276.123273611,1.813553428,-0.356733482,-0.622883429,3.000000000,1.500000000,2.203432479,0.100000000,0.500000000
1765482276.172351837,1.821022954,-0.361954876,-0.593528381,3.000000000,1.500000000,2.203829130,0.100000000,0.500000000
1765482276.222276449,1.826726277,-0.365614501,-0.560562706,3.000000000,1.500000000,2.203880372,0.120889895,0.500000000
1765482276.272573233,1.826726277,-0.365614501,-0.560562706,3.000000000,1.500000000,2.203880372,0.120889895,0.500000000
1765482276.322673082,1.831832102,-0.368644622,-0.527820839,3.000000000,1.500000000,2.203735229,0.168610194,0.500000000
1765482276.372626543,1.837331101,-0.371699382,-0.497360555,3.000000000,1.500000000,2.203419511,0.214154986,0.476408357
1765482276.422380447,1.837331101,-0.371699382,-0.497360555,3.000000000,1.500000000,2.203419511,0.214154986,0.476408357
1765482276.472636700,1.844246360,-0.375291557,-0.466646756,3.000000000,1.500000000,2.202835649,0.260670460,0.398882566
1765482276.522537708,1.853244826,-0.379587582,-0.434693585,3.000000000,1.500000000,2.201794020,0.100000000,0.500000000
1765482276.573112726,1.853244826,-0.379587582,-0.434693585,3.000000000,1.500000000,2.201794020,0.100000000,0.500000000
1765482276.622740030,1.863087744,-0.383946417,-0.404707051,3.000000000,1.500000000,2.200414411,0.100000000,0.500000000
1765482276.673007011,1.863087744,-0.383946417,-0.404707051,3.000000000,1.500000000,2.200414411,0.100000000,0.500000000
1765482276.722356796,1.871823149,-0.387516310,-0.374643077,3.000000000,1.500000000,2.198977223,0.129701194,0.500000000
1765482276.772336721,1.871823149,-0.387516310,-0.374643077,3.000000000,1.500000000,2.198977223,0.129701194,0.500000000
1765482276.823083639,1.878872116,-0.390132588,-0.341660950,3.000000000,1.500000000,2.197618924,0.173868703,0.500000000
1765482276.872870445,1.878872116,-0.390132588,-0.341660950,3.000000000,1.500000000,2.197618924,0.173868703,0.500000000
1765482276.922857523,1.885686060,-0.392370876,-0.309411196,3.000000000,1.500000000,2.196079026,0.220913740,0.465143767
1765482276.972311020,1.893679173,-0.394709205,-0.276352420,3.000000000,1.500000000,2.194053040,0.271321607,0.381130656
1765482277.022310257,1.893679173,-0.394709205,-0.276352420,3.000000000,1.500000000,2.194053040,0.271321607,0.381130656
1765482277.072934628,1.903680756,-0.397368745,-0.245336392,3.000000000,1.500000000,2.191329286,0.100000000,0.500000000
1765482277.122992754,1.903680756,-0.397368745,-0.245336392,3.000000000,1.500000000,2.191329286,0.100000000,0.500000000
1765482277.172644854,1.915109522,-0.400070074,-0.218538921,3.000000000,1.500000000,2.187979350,0.100000000,0.500000000
1765482277.222638369,1.915109522,-0.400070074,-0.218538921,3.000000000,1.500000000,2.187979350,0.100000000,0.500000000
1765482277.273066521,1.925730682,-0.402241263,-0.189714788,3.000000000,1.500000000,2.184622711,0.123506200,0.500000000
1765482277.322452307,1.934199052,-0.403684238,-0.156977989,3.000000000,1.500000000,2.181729896,0.163587721,0.500000000
1765482277.372655153,1.934199052,-0.403684238,-0.156977989,3.000000000,1.500000000,2.181729896,0.163587721,0.500000000
1765482277.422655821,1.941802305,-0.404730944,-0.123831020,3.000000000,1.500000000,2.178940644,0.209563338,0.484061103
1765482277.472650290,1.941802305,-0.404730944,-0.123831020,3.000000000,1.500000000,2.178940644,0.209563338,0.484061103
1765482277.523208141,1.950213682,-0.405635474,-0.091313127,3.000000000,1.500000000,2.175660330,0.256519565,0.405800726
1765482277.572556734,1.960188284,-0.406368496,-0.059536455,3.000000000,1.500000000,2.171508518,0.304111876,0.326480206
1765482277.622693062,1.960188284,-0.406368496,-0.059536455,3.000000000,1.500000000,2.171508518,0.304111876,0.326480206
1765482277.672835112,1.972296233,-0.406907861,-0.030650017,3.000000000,1.500000000,2.166211583,0.114795191,0.500000000
1765482277.722746611,1.972296233,-0.406907861,-0.030650017,3.000000000,1.500000000,2.166211583,0.114795191,0.500000000
1765482277.773011923,1.985820775,-0.407161351,-0.006843070,3.000000000,1.500000000,2.160051833,0.125705937,0.500000000
1765482277.823247433,1.985820775,-0.407161351,-0.006843070,3.000000000,1.500000000,2.160051833,0.125705937,0.500000000
1765482277.872574806,1.998440340,-0.407087309,0.018769335,3.000000000,1.500000000,2.154090006,0.143085761,0.500000000
1765482277.923094988,2.010691545,-0.406540389,0.058259611,3.000000000,1.500000000,2.147935631,0.189210771,0.500000000
1765482277.972526073,2.010691545,-0.406540389,0.058259611,3.000000000,1.500000000,2.147935631,0.189210771,0.500000000
1765482278.023001432,2.018235373,-0.405975292,0.084159335,3.000000000,1.500000000,2.143969122,0.223253197,0.461244672
1765482278.073102474,2.018235373,-0.405975292,0.084159335,3.000000000,1.500000000,2.143969122,0.223253197,0.461244672
1765482278.122701645,2.028164588,-0.404961279,0.114613030,3.000000000,1.500000000,2.138537243,0.264859307,0.391901155
1765482278.172408581,2.039081179,-0.403531464,0.144814966,3.000000000,1.500000000,2.132321978,0.126823528,0.500000000
1765482278.223101616,2.039081179,-0.403531464,0.144814966,3.000000000,1.500000000,2.132321978,0.126823528,0.500000000
1765482278.272341967,2.050242335,-0.401691680,0.173474626,3.000000000,1.500000000,2.125669511,0.150119620,0.500000000
1765482278.322526455,2.059960453,-0.399781489,0.203352060,3.000000000,1.500000000,2.119633001,0.180272619,0.500000000
1765482278.372497082,2.059960453,-0.399781489,0.203352060,3.000000000,1.500000000,2.119633001,0.180272619,0.500000000
1765482278.422575474,2.068779625,-0.397778062,0.236317297,3.000000000,1.500000000,2.113937785,0.219626200,0.467289667
1765482278.472494125,2.078009268,-0.395348452,0.267913388,3.000000000,1.500000000,2.107703173,0.259254779,0.401242035
1765482278.522791147,2.078009268,-0.395348452,0.267913388,3.000000000,1.500000000,2.107703173,0.259254779,0.401242035
1765482278.572705507,2.088771404,-0.392165349,0.298786839,3.000000000,1.500000000,2.100149343,0.299012458,0.334979237
1765482278.622377157,2.088771404,-0.392165349,0.298786839,3.000000000,1.500000000,2.100149343,0.299012458,0.334979237
1765482278.672585964,2.101192757,-0.388159279,0.325259801,3.000000000,1.500000000,2.091171902,0.332547705,0.279087158
1765482278.723003149,2.114720167,-0.383422808,0.348930039,3.000000000,1.500000000,2.081105922,0.500000000,0.227176123
1765482278.772424698,2.129837278,-0.377751722,0.369372397,3.000000000,1.500000000,2.069573553,0.218351805,0.469413658
1765482278.822415829,2.129837278,-0.377751722,0.369372397,3.000000000,1.500000000,2.069573553,0.218351805,0.469413658
1765482278.872611523,2.145624817,-0.371461569,0.386069086,3.000000000,1.500000000,2.057261616,0.219649432,0.467250947
1765482278.922572851,2.145624817,-0.371461569,0.386069086,3.000000000,1.500000000,2.057261616,0.219649432,0.467250947
1765482278.973130703,2.160061589,-0.365350417,0.408742984,3.000000000,1.500000000,2.045734272,0.233419005,0.444301658
1765482279.022804499,2.160061589,-0.365350417,0.408742984,3.000000000,1.500000000,2.045734272,0.233419005,0.444301658
1765482279.072472095,2.172215879,-0.359794702,0.438715520,3.000000000,1.500000000,2.035697149,0.265526297,0.390789505
1765482279.122397900,2.183251542,-0.354384838,0.468270109,3.000000000,1.500000000,2.026282599,0.302089955,0.329850075
1765482279.172414780,2.183251542,-0.354384838,0.468270109,3.000000000,1.500000000,2.026282599,0.302089955,0.329850075
1765482279.222790241,2.195191868,-0.348124081,0.494794479,3.000000000,1.500000000,2.015757611,0.335913798,0.273477003
1765482279.272657871,2.195191868,-0.348124081,0.494794479,3.000000000,1.500000000,2.015757611,0.335913798,0.273477003
1765482279.323143482,2.208506240,-0.340735011,0.516932042,3.000000000,1.500000000,2.003688537,0.500000000,0.226871639
1765482279.372608185,2.222841674,-0.332397545,0.536104470,3.000000000,1.500000000,1.990390873,0.252802811,0.411995314
1765482279.422471762,2.222841674,-0.332397545,0.536104470,3.000000000,1.500000000,1.990390873,0.252802811,0.411995314
1765482279.472873449,2.237315797,-0.323611527,0.552606860,3.000000000,1.500000000,1.976675541,0.256953967,0.405076722
1765482279.522795200,2.237315797,-0.323611527,0.552606860,3.000000000,1.500000000,1.976675541,0.256953967,0.405076722
1765482279.573611975,2.250407684,-0.315234150,0.574880214,3.000000000,1.500000000,1.963915390,0.273445652,0.377590580
1765482279.622422934,2.250407684,-0.315234150,0.574880214,3.000000000,1.500000000,1.963915390,0.273445652,0.377590580
1765482279.672820330,2.262020904,-0.307390087,0.601338418,3.000000000,1.500000000,1.952247954,0.301363815,0.331060309
1765482279.723037243,2.273345154,-0.299361245,0.626638174,3.000000000,1.500000000,1.940548416,0.330729050,0.282118250
1765482279.772840500,2.273345154,-0.299361245,0.626638174,3.000000000,1.500000000,1.940548416,0.330729050,0.282118250
1765482279.822741270,2.285680251,-0.290237734,0.648921384,3.000000000,1.500000000,1.927486407,0.500000000,0.238955567
1765482279.872944593,2.285680251,-0.290237734,0.648921384,3.000000000,1.500000000,1.927486407,0.500000000,0.238955567
1765482279.923314333,2.299002856,-0.279888256,0.668423698,3.000000000,1.500000000,1.912955619,0.500000000,0.200073221
1765482279.972282171,2.299002856,-0.279888256,0.668423698,3.000000000,1.500000000,1.912955619,0.500000000,0.200073221
1765482280.022361755,2.299002856,-0.279888256,0.668423698,3.000000000,1.500000000,1.912955619,0.500000000,0.200073221
1765482280.072426081,2.299002856,-0.279888256,0.668423698,3.000000000,1.500000000,1.912955619,0.500000000,0.200073221
1765482280.122347355,2.299002856,-0.279888256,0.668423698,3.000000000,1.500000000,1.912955619,0.500000000,0.200073221
1765482280.172357321,2.299002856,-0.279888256,0.668423698,3.000000000,1.500000000,1.912955619,0.500000000,0.200073221
1765482280.222350121,2.299002856,-0.279888256,0.668423698,3.000000000,1.500000000,1.912955619,0.500000000,0.200073221
1765482280.272328854,2.299002856,-0.279888256,0.668423698,3.000000000,1.500000000,1.912955619,0.500000000,0.200073221
1765482280.322370529,2.299002856,-0.279888256,0.668423698,3.000000000,1.500000000,1.912955619,0.500000000,0.200073221
1765482280.372354031,2.299002856,-0.279888256,0.668423698,3.000000000,1.500000000,1.912955619,0.500000000,0.200073221
1765482280.422449350,2.299002856,-0.279888256,0.668423698,3.000000000,1.500000000,1.912955619,0.500000000,0.200073221
1765482280.472637653,2.299002856,-0.279888256,0.668423698,3.000000000,1.500000000,1.912955619,0.500000000,0.200073221
1765482280.522628307,2.299002856,-0.279888256,0.668423698,3.000000000,1.500000000,1.912955619,0.500000000,0.200073221
1765482280.572763681,2.299002856,-0.279888256,0.668423698,3.000000000,1.500000000,1.912955619,0.500000000,0.200073221
1765482280.622691393,2.299002856,-0.279888256,0.668423698,3.000000000,1.500000000,1.912955619,0.500000000,0.200073221
1765482280.672772646,2.299002856,-0.279888256,0.668423698,3.000000000,1.500000000,1.912955619,0.500000000,0.200073221
1765482280.722710133,2.299002856,-0.279888256,0.668423698,3.000000000,1.500000000,1.912955619,0.500000000,0.200073221
1765482280.772692919,2.299002856,-0.279888256,0.668423698,3.000000000,1.500000000,1.912955619,0.500000000,0.200073221
1765482280.822567701,2.299002856,-0.279888256,0.668423698,3.000000000,1.500000000,1.912955619,0.500000000,0.200073221
1765482280.872691870,2.299002856,-0.279888256,0.668423698,3.000000000,1.500000000,1.912955619,0.500000000,0.200073221
1765482280.922365665,2.299002856,-0.279888256,0.668423698,3.000000000,1.500000000,1.912955619,0.500000000,0.200073221
1765482280.972315550,2.299002856,-0.279888256,0.668423698,3.000000000,1.500000000,1.912955619,0.500000000,0.200073221
1765482281.022295237,2.299002856,-0.279888256,0.668423698,3.000000000,1.500000000,1.912955619,0.500000000,0.200073221
1765482281.072323322,2.299002856,-0.279888256,0.668423698,3.000000000,1.500000000,1.912955619,0.500000000,0.200073221
1765482281.122326374,2.299002856,-0.279888256,0.668423698,3.000000000,1.500000000,1.912955619,0.500000000,0.200073221
1765482281.172292948,2.299002856,-0.279888256,0.668423698,3.000000000,1.500000000,1.912955619,0.500000000,0.200073221
1765482281.222312212,2.299002856,-0.279888256,0.668423698,3.000000000,1.500000000,1.912955619,0.500000000,0.200073221
1765482281.272300482,2.299002856,-0.279888256,0.668423698,3.000000000,1.500000000,1.912955619,0.500000000,0.200073221
1765482281.322405338,2.299002856,-0.279888256,0.668423698,3.000000000,1.500000000,1.912955619,0.500000000,0.200073221
1765482281.372341156,2.299002856,-0.279888256,0.668423698,3.000000000,1.500000000,1.912955619,0.500000000,0.200073221
1765482281.422565460,2.299002856,-0.279888256,0.668423698,3.000000000,1.500000000,1.912955619,0.500000000,0.200073221
1765482281.472584724,2.299002856,-0.279888256,0.668423698,3.000000000,1.500000000,1.912955619,0.500000000,0.200073221
1765482281.522572756,2.299002856,-0.279888256,0.668423698,3.000000000,1.500000000,1.912955619,0.500000000,0.200073221
1765482281.572561741,2.299002856,-0.279888256,0.668423698,3.000000000,1.500000000,1.912955619,0.500000000,0.200073221
1765482281.622564554,2.299002856,-0.279888256,0.668423698,3.000000000,1.500000000,1.912955619,0.500000000,0.200073221
1765482281.672528744,2.299002856,-0.279888256,0.668423698,3.000000000,1.500000000,1.912955619,0.500000000,0.200073221
1765482281.722543478,2.299002856,-0.279888256,0.668423698,3.000000000,1.500000000,1.912955619,0.500000000,0.200073221
1765482281.772621632,2.299002856,-0.279888256,0.668423698,3.000000000,1.500000000,1.912955619,0.500000000,0.200073221
1765482281.822577953,2.299002856,-0.279888256,0.668423698,3.000000000,1.500000000,1.912955619,0.500000000,0.200073221
1765482281.872581720,2.299002856,-0.279888256,0.668423698,3.000000000,1.500000000,1.912955619,0.500000000,0.200073221
1765482281.922521830,2.299002856,-0.279888256,0.668423698,3.000000000,1.500000000,1.912955619,0.500000000,0.200073221
1765482281.972586155,2.299002856,-0.279888256,0.668423698,3.000000000,1.500000000,1.912955619,0.500000000,0.200073221
1765482282.022576332,2.299002856,-0.279888256,0.668423698,3.000000000,1.500000000,1.912955619,0.500000000,0.200073221
1765482282.072582006,2.299002856,-0.279888256,0.668423698,3.000000000,1.500000000,1.912955619,0.500000000,0.200073221
1765482282.122604132,2.299002856,-0.279888256,0.668423698,3.000000000,1.500000000,1.912955619,0.500000000,0.200073221
1765482282.172591686,2.299002856,-0.279888256,0.668423698,3.000000000,1.500000000,1.912955619,0.500000000,0.200073221
1765482282.223527908,2.299002856,-0.279888256,0.668423698,3.000000000,1.500000000,1.912955619,0.500000000,0.200073221
1765482282.273512602,2.299002856,-0.279888256,0.668423698,3.000000000,1.500000000,1.912955619,0.500000000,0.200073221
1765482282.323318005,2.299002856,-0.279888256,0.668423698,3.000000000,1.500000000,1.912955619,0.500000000,0.200073221
